{"cameraMode":{"drawMode":0,"name":"Shaded","section":"Shading Mode"},"sceneLighting":true,"audioPlay":false,"sceneViewState":{"showFog":true,"showMaterialUpdate":false,"showSkybox":true,"showFlares":true,"showImageEffects":true,"showParticleSystems":true},"in2DMode":false,"pivot":{"x":-0.5618572235107422,"y":1.173367977142334,"z":-0.11098575592041016},"rotation":{"x":-0.06682942807674408,"y":0.9013640880584717,"z":-0.15037646889686585,"w":-0.4005790650844574},"size":10.0,"orthographic":false}